Grids,Fertilizer,Midpoint
1,4.2,"12.9351, 77.6103"
2,5.6,"12.93515, 77.6106"
3,6.8,"12.9352, 77.6109"
4,7.3,"12.93525, 77.6112"
5,3.9,"12.9353, 77.6115"
6,6.1,"12.93535, 77.6118"
7,5,"12.9354, 77.6121"
8,7.5,"12.93545, 77.6124"
9,8.2,"12.9355, 77.6127"
10,4.8,12.93555 77.613
